filename,width,height,class,xmin,ymin,xmax,ymax
holes-22-_jpg.rf.a018408776210dd9fbcc6f730326a37f.jpg,640,640,hole,343,378,396,402
holes-22-_jpg.rf.a018408776210dd9fbcc6f730326a37f.jpg,640,640,hole,213,334,233,369
stains-62-_jpg.rf.a222730c671245b1685aa2f8415e86e2.jpg,640,640,stain,293,163,354,318
flats-47-_jpg.rf.ac064233169d65ce79182141bec762cc.jpg,640,640,flat,119,300,518,427
stains-1-_jpg.rf.a07bf83df210aa54438fea35016739f5.jpg,640,640,stain,277,146,395,445
flats-32-_jpg.rf.a73841c969cb18061c65bd9f244ff398.jpg,640,640,flat,244,280,363,345
flats-3-_jpg.rf.a4f6ab9e97eda618fac0f6f783ae4330.jpg,640,640,flat,135,236,517,366
holes-18-_jpg.rf.a1762a4e416bacfffb4abf2e2ba412e4.jpg,640,640,hole,227,331,280,359
holes-18-_jpg.rf.a1762a4e416bacfffb4abf2e2ba412e4.jpg,640,640,hole,435,320,462,347
flats-41-_jpg.rf.a00114ae33062d0a0d81acfa70a40e78.jpg,640,640,flat,203,244,347,366
flats-2-_jpg.rf.a44625d4392165352d8ba05fe4340a67.jpg,640,640,flat,158,245,498,330
flats-20-_jpg.rf.abe215b50930f36d53f1927bb519a6a8.jpg,640,640,flat,284,99,572,290
flats-55-_jpg.rf.a3a5d7ef5d83646c0b1840574c6d8869.jpg,640,640,flat,48,269,363,360
stains-42-_jpg.rf.ab6d73765593aaac4e2a8eb8d8a0f224.jpg,640,640,stain,131,103,571,633
flats-22-_jpg.rf.ae32b82ce061c02e62e3b74189b024fd.jpg,640,640,flat,228,286,415,337
flats-37-_jpg.rf.aa48d167f6f757b186fe26c19e780cb0.jpg,640,640,flat,94,74,538,404
holes-4-_jpg.rf.a8880cf33259930b1c54d9a5ce5760db.jpg,640,640,hole,306,324,413,402
flats-43-_jpg.rf.a325559613da4b7e5bc4fdb5a5483ee8.jpg,640,640,flat,288,281,354,356
flats-56-_jpg.rf.a691dba7cd38aa4412e8b90191333d47.jpg,640,640,flat,205,282,561,413
flats-52-_jpg.rf.a1a77f157edf5a81fa4db64609dbc2bb.jpg,640,640,flat,33,251,493,441
flats-6-_jpg.rf.aeafa221cf774335b74ea2afab21323a.jpg,640,640,flat,91,228,581,465
flats-51-_jpg.rf.a1a1151fe655d00127c113219e1af28e.jpg,640,640,flat,0,184,636,330
flats-51-_jpg.rf.a1a1151fe655d00127c113219e1af28e.jpg,640,640,stain,324,342,384,469
holes-32-_jpg.rf.ab9c9550b072e0639095ba461731177f.jpg,640,640,hole,267,265,339,339
holes-8-_jpg.rf.ae622e1b261f19bc394385137e8818e8.jpg,640,640,hole,267,212,438,296
holes-29-_jpg.rf.a0e2ab270147ed91fe5f340c7d474874.jpg,640,640,hole,305,291,412,343
holes-7-_jpg.rf.a0b64601ac5e797d2ce4dffb2bad6318.jpg,640,640,hole,210,371,362,422
stains-72-_jpg.rf.b0cc303a83307e96c7f1c700b9993847.jpg,640,640,stain,28,310,550,447
flats-8-_jpg.rf.a704825bfd8187bbcd9505aa8ed3d446.jpg,640,640,flat,185,202,327,260
flats-8-_jpg.rf.a704825bfd8187bbcd9505aa8ed3d446.jpg,640,640,flat,174,321,340,397
holes-18-_jpg.rf.a0a2cecfd31c6373f0be14102986f973.jpg,640,640,hole,238,289,296,328
holes-18-_jpg.rf.a0a2cecfd31c6373f0be14102986f973.jpg,640,640,hole,440,241,473,274
stains-41-_jpg.rf.b14e7a778869b62c3acac4b947258f65.jpg,640,640,stain,286,205,640,640
flats-42-_jpg.rf.b0faa1f5306bbf261cde3336f337cba1.jpg,640,640,flat,318,279,423,386
stains-51-_jpg.rf.b188eaab24408d46fe79656f418658db.jpg,640,640,stain,317,105,439,315
flats-6-_jpg.rf.b2d4569ca1d0e54f968acb6aa6155cb7.jpg,640,640,flat,62,251,536,368
stains-51-_jpg.rf.b39d75f785db465cdf0368b69cb3ab2c.jpg,640,640,stain,228,306,333,518
flats-20-_jpg.rf.b300022c48a1e54ccd2d7fb4e03e1539.jpg,640,640,flat,268,81,582,300
stains-51-_jpg.rf.b56310f5fd4586650860e048ada3ff2d.jpg,640,640,stain,347,320,424,520
holes-16-_jpg.rf.b5f2a664746e551ce3b47d639ab1fb7d.jpg,640,640,hole,334,369,375,394
holes-16-_jpg.rf.b5f2a664746e551ce3b47d639ab1fb7d.jpg,640,640,hole,414,358,435,389
holes-16-_jpg.rf.b5f2a664746e551ce3b47d639ab1fb7d.jpg,640,640,hole,480,353,490,371
holes-16-_jpg.rf.b5f2a664746e551ce3b47d639ab1fb7d.jpg,640,640,hole,494,341,499,349
holes-16-_jpg.rf.b5f2a664746e551ce3b47d639ab1fb7d.jpg,640,640,hole,492,365,506,385
flats-24-_jpg.rf.b64f4bba0af41454303aad74181d5220.jpg,640,640,flat,146,269,433,443
stains-44-_jpg.rf.b6799bea2a29b2c7bda64223692d2ad1.jpg,640,640,stain,303,284,391,381
stains-45-_jpg.rf.b655a6f0990faca8af6b28e6a47fb23b.jpg,640,640,stain,234,237,395,452
flats-52-_jpg.rf.b6d6124e6407b561706f4423d3cb03a8.jpg,640,640,flat,25,244,467,353
flats-13-_jpg.rf.b756cc978e212624e029cc150208af6e.jpg,640,640,flat,166,209,490,403
holes-41-_jpg.rf.b82a41d07669049a3c6cd80fcd60ce6e.jpg,640,640,hole,221,286,351,342
stains-10-_jpg.rf.b99b7c126aa37143df32f0cb0711595c.jpg,640,640,stain,241,499,286,602
stains-10-_jpg.rf.b99b7c126aa37143df32f0cb0711595c.jpg,640,640,stain,404,518,417,570
stains-10-_jpg.rf.b99b7c126aa37143df32f0cb0711595c.jpg,640,640,stain,47,463,152,524
stains-10-_jpg.rf.b99b7c126aa37143df32f0cb0711595c.jpg,640,640,stain,248,102,282,250
stains-10-_jpg.rf.b99b7c126aa37143df32f0cb0711595c.jpg,640,640,stain,307,34,352,290
flats-53-_jpg.rf.bab0ff454ce856f0b059f7b138e6b797.jpg,640,640,flat,117,268,400,355
stains-7-_jpg.rf.bb01fd9bb2dc3fb5a6fa878cda2d6d80.jpg,640,640,stain,144,104,261,538
stains-7-_jpg.rf.bb01fd9bb2dc3fb5a6fa878cda2d6d80.jpg,640,640,stain,284,188,566,331
flats-46-_jpg.rf.bb89a27cb61a9679cd430ff4dc0e7a0c.jpg,640,640,flat,89,240,621,320
flats-33-_jpg.rf.bc092a941e806d17b72481d113583be9.jpg,640,640,flat,124,283,398,349
holes-14-_jpg.rf.be09aa35c7eaeb985929e8edd4c70c21.jpg,640,640,hole,151,365,248,384
holes-9-_jpg.rf.bcd659138112a2a89d4fb884447291cd.jpg,640,640,hole,281,196,378,268
holes-11-_jpg.rf.be7372d7594bd2afe6d8a7d2b24f89e3.jpg,640,640,hole,273,248,371,330
stains-54-_jpg.rf.c0074588e72e93e4e09ec0dc74590f88.jpg,640,640,stain,215,0,640,338
holes-37-_jpg.rf.c266a6eae97eabbd895569f65a2d83cd.jpg,640,640,hole,288,297,370,366
stains-37-_jpg.rf.c19ed65cc82d6837dfbd3a7a389abbab.jpg,640,640,stain,300,71,370,431
stains-23-_jpg.rf.c302a85dab36077577aac1dac6b9653d.jpg,640,640,stain,163,235,388,485
stains-20-_jpg.rf.c424457ef961c5651dfed9fa67439354.jpg,640,640,stain,256,259,367,390
holes-26-_jpg.rf.c63c6c7c99869c2a2cf1ce48e9fdc083.jpg,640,640,hole,250,269,316,315
holes-7-_jpg.rf.c6874b2947175394e5461487a5a0bdf3.jpg,640,640,hole,242,224,389,266
flats-31-_jpg.rf.c6c156023b5e81a4fee7fbd9115d4471.jpg,640,640,flat,237,328,346,387
holes-8-_jpg.rf.c6c0ee431749be4e77f3123b3211d172.jpg,640,640,hole,242,241,404,282
flats-35-_jpg.rf.c83b69e9062a7b16972e7703ffa58cd0.jpg,640,640,flat,153,234,491,317
flats-34-_jpg.rf.c714b5c049096a76dbeac0b652b3a991.jpg,640,640,flat,152,245,508,453
flats-51-_jpg.rf.c8d729fe0fc3719598323f6d53a9b2e2.jpg,640,640,flat,21,216,640,504
flats-51-_jpg.rf.c8d729fe0fc3719598323f6d53a9b2e2.jpg,640,640,stain,341,145,431,286
stains-68-_jpg.rf.c97769224c9f88b6acf662274427e7d7.jpg,640,640,stain,56,276,326,373
holes-10-_jpg.rf.c980ef7984aacb93669d5a2910742a49.jpg,640,640,hole,309,201,364,259
stains-28-_jpg.rf.c9b6cb27091dc94920abd04cabae2c98.jpg,640,640,stain,306,138,413,404
flats-3-_jpg.rf.ca4fb26c65ff35df1d125efc47df31d1.jpg,640,640,flat,132,252,533,478
flats-12-_jpg.rf.ca26607a6ce07adad233fae03957f0de.jpg,640,640,flat,127,262,376,352
holes-42-_jpg.rf.ca933db31e29a9873b20c5ec64a40ebf.jpg,640,640,hole,256,315,399,399
flats-13-_jpg.rf.b75687655e1e5cd8e70898c033b882b8.jpg,640,640,flat,160,195,526,458
stains-10-_jpg.rf.ca7a027e29d5f8a7eaa87f436d63280d.jpg,640,640,stain,230,514,279,619
stains-10-_jpg.rf.ca7a027e29d5f8a7eaa87f436d63280d.jpg,640,640,stain,393,551,408,602
stains-10-_jpg.rf.ca7a027e29d5f8a7eaa87f436d63280d.jpg,640,640,stain,40,457,148,524
stains-10-_jpg.rf.ca7a027e29d5f8a7eaa87f436d63280d.jpg,640,640,stain,254,117,293,267
stains-10-_jpg.rf.ca7a027e29d5f8a7eaa87f436d63280d.jpg,640,640,stain,310,56,367,314
flats-22-_jpg.rf.cb5d4b77f18120945c0fa3b06b426e79.jpg,640,640,flat,204,299,401,392
stains-46-_jpg.rf.cb614e515768f84f33bc6aef82e72909.jpg,640,640,stain,324,251,418,289
flats-38-_jpg.rf.cb802ee56852897f4981eb4a2d3d1793.jpg,640,640,flat,271,296,439,480
holes-17-_jpg.rf.cb8fda8506a4a80b61cbf7c6fa2e94d1.jpg,640,640,hole,345,287,374,315
holes-17-_jpg.rf.cb8fda8506a4a80b61cbf7c6fa2e94d1.jpg,640,640,hole,365,355,381,389
holes-17-_jpg.rf.cb8fda8506a4a80b61cbf7c6fa2e94d1.jpg,640,640,hole,407,374,425,393
holes-17-_jpg.rf.cb8fda8506a4a80b61cbf7c6fa2e94d1.jpg,640,640,hole,425,353,438,374
holes-17-_jpg.rf.cb8fda8506a4a80b61cbf7c6fa2e94d1.jpg,640,640,hole,468,342,483,371
holes-28-_jpg.rf.ce46ef2f0d6735908482e4f9b969ee41.jpg,640,640,hole,308,266,436,331
flats-36-_jpg.rf.cde8263afd9b486727333f33161481b7.jpg,640,640,flat,132,53,598,457
holes-5-_jpg.rf.ce7ae84fce54622d531a7fa23fa7f553.jpg,640,640,hole,196,235,283,303
stains-10-_jpg.rf.cf696b1f36a16aacda81c6aaa59370c6.jpg,640,640,stain,330,30,369,131
stains-10-_jpg.rf.cf696b1f36a16aacda81c6aaa59370c6.jpg,640,640,stain,198,60,208,111
stains-10-_jpg.rf.cf696b1f36a16aacda81c6aaa59370c6.jpg,640,640,stain,466,112,568,168
stains-10-_jpg.rf.cf696b1f36a16aacda81c6aaa59370c6.jpg,640,640,stain,358,381,382,529
stains-10-_jpg.rf.cf696b1f36a16aacda81c6aaa59370c6.jpg,640,640,stain,291,341,321,596
holes-5-_jpg.rf.d1a300e9be8176a720f7eedd876dead2.jpg,640,640,hole,370,246,465,322
stains-41-_jpg.rf.d097ba0d8835c8f46cbc1721d97322cd.jpg,640,640,stain,33,22,368,455
holes-32-_jpg.rf.d3243a5013a2cd13eef79ca460dee264.jpg,640,640,hole,291,271,357,348
stains-53-_jpg.rf.d3d7d45a744237de27184a5d30ae9a0e.jpg,640,640,stain,211,259,505,555
stains-58-_jpg.rf.d3e519df6311f2682a5a956a397bce76.jpg,640,640,stain,318,275,583,346
holes-33-_jpg.rf.d6407e485a3b4d3c47da6bf87deda39c.jpg,640,640,hole,293,269,367,331
flats-41-_jpg.rf.d68038c50bf620b1056e06fd2d0b771c.jpg,640,640,flat,284,237,407,332
holes-14-_jpg.rf.d66bb91b0a6fac98f762cb88d297a6a9.jpg,640,640,hole,179,227,282,279
flats-6-_jpg.rf.d7c643fa251c3099500a6df09d2b41ef.jpg,640,640,flat,78,241,568,414
flats-7-_jpg.rf.d8b413ac8ed0eb40aa3daa78aa7f976b.jpg,640,640,flat,319,212,511,267
flats-7-_jpg.rf.d8b413ac8ed0eb40aa3daa78aa7f976b.jpg,640,640,flat,292,329,501,401
flats-7-_jpg.rf.d8c0dbcea646365b279aac264d6dfe45.jpg,640,640,flat,98,383,295,454
flats-7-_jpg.rf.d8c0dbcea646365b279aac264d6dfe45.jpg,640,640,flat,114,249,329,339
flats-23-_jpg.rf.da371e4847ad3e10934a6cba9d81dc7e.jpg,640,640,flat,189,167,433,372
flats-57-_jpg.rf.da3a55e97b146929b9e0fbbf9c39698e.jpg,640,640,flat,113,287,433,458
holes-13-_jpg.rf.dbc382994f242a080b499d03051f7d5d.jpg,640,640,hole,336,320,378,345
holes-13-_jpg.rf.dbc382994f242a080b499d03051f7d5d.jpg,640,640,hole,207,333,244,358
holes-13-_jpg.rf.dbc382994f242a080b499d03051f7d5d.jpg,640,640,hole,30,339,52,357
stains-1-_jpg.rf.dca394e0c7019acdda49cf39974f09f6.jpg,640,640,stain,242,151,382,464
flats-37-_jpg.rf.dc9955382dbb45834e57023982dc0df8.jpg,640,640,flat,127,252,525,544
holes-40-_jpg.rf.dcb3f78baf6a1b195ac532367dd0098c.jpg,640,640,hole,294,266,369,323
flats-54-_jpg.rf.ddd44abe2c2e6ae6b907bf014553bea9.jpg,640,640,flat,29,262,452,362
stains-1-_jpg.rf.ddfba8e84c65606e3b958517fdb953b8.jpg,640,640,stain,282,196,372,493
flats-9-_jpg.rf.de455ea4165496d82a2032c2e19567f8.jpg,640,640,flat,286,243,395,343
stains-2-_jpg.rf.e0cf9ac49bd9446f8605017979d2047b.jpg,640,640,stain,250,204,330,460
holes-29-_jpg.rf.e24b6291843b44e285f3fa6ab4d8acf4.jpg,640,640,hole,327,303,446,378
flats-18-_jpg.rf.e4238e277f86a6ab7252d616232ac84b.jpg,640,640,flat,229,257,420,380
stains-9-_jpg.rf.e2d3c15edea7c320d304b2949866b4ef.jpg,640,640,stain,193,139,298,570
stains-9-_jpg.rf.e2d3c15edea7c320d304b2949866b4ef.jpg,640,640,stain,415,331,435,377
stains-9-_jpg.rf.e2d3c15edea7c320d304b2949866b4ef.jpg,640,640,stain,0,280,426,318
stains-9-_jpg.rf.e2d3c15edea7c320d304b2949866b4ef.jpg,640,640,stain,471,223,593,343
flats-32-_jpg.rf.e4927d02d7b16ff139dad9b9246b9641.jpg,640,640,flat,231,281,342,337
stains-37-_jpg.rf.e705f40cacc860c32726a6d3e9f3f4d7.jpg,640,640,stain,221,63,353,427
holes-3-_jpg.rf.e741403883bebc12f1d45df1235a64f7.jpg,640,640,hole,379,303,428,367
stains-69-_jpg.rf.e772153cd4dcd28c8891e5875f51ed27.jpg,640,640,stain,442,261,520,309
flats-46-_jpg.rf.e81bf94d5e20868a38cda288ca87fd44.jpg,640,640,flat,83,266,623,485
holes-26-_jpg.rf.e8eeff85b3741146c9c7fadf024d4831.jpg,640,640,hole,313,319,371,353
flats-43-_jpg.rf.e9b212fd59ea6927d789ec2fc76e2b2c.jpg,640,640,flat,289,248,374,343
stains-61-_jpg.rf.e9f229e02de6e0001ecaaf99805adfde.jpg,640,640,stain,321,241,388,385
stains-34-_jpg.rf.ec2015b4dbcc1278e6d70be8ffbf9baa.jpg,640,640,stain,126,179,429,543
holes-40-_jpg.rf.ebaa6996220e0afc5ea22cdd8ee03b14.jpg,640,640,hole,271,285,360,360
flats-28-_jpg.rf.eda8308ca9a91dd0093bba22231f0998.jpg,640,640,flat,133,304,380,450
holes-5-_jpg.rf.ece7b2778f744722d64221a0cbefda83.jpg,640,640,hole,364,307,461,391
stains-14-_jpg.rf.ee92d89a1c873e1d1948a4cdeab33325.jpg,640,640,flat,178,246,640,381
stains-14-_jpg.rf.ee92d89a1c873e1d1948a4cdeab33325.jpg,640,640,stain,198,334,300,413
stains-14-_jpg.rf.ee92d89a1c873e1d1948a4cdeab33325.jpg,640,640,stain,245,310,268,341
flats-15-_jpg.rf.f2ccb324aa7ee649f068cedda175f1f2.jpg,640,640,flat,114,267,459,421
flats-38-_jpg.rf.ef72ff803a6a7214318b37900eaa7ebe.jpg,640,640,flat,187,169,391,373
stains-46-_jpg.rf.f22ba23e651421899b6e82e3af34c8d7.jpg,640,640,stain,354,313,457,370
holes-8-_jpg.rf.f2daf4fbf6aa64986f737bf1b7bb8339.jpg,640,640,hole,232,363,397,426
stains-62-_jpg.rf.f2ee0f6e8c2bb951ed59addd168267fa.jpg,640,640,stain,292,313,347,464
stains-36-_jpg.rf.f34994232434baaa7d7accba2c92bcf8.jpg,640,640,stain,101,77,458,500
holes-22-_jpg.rf.f444acd33d57d77199fe3eb1492c021c.jpg,640,640,hole,315,373,365,394
holes-22-_jpg.rf.f444acd33d57d77199fe3eb1492c021c.jpg,640,640,hole,189,336,204,370
stains-69-_jpg.rf.f4772811c760028850ad6b5a89b47f2e.jpg,640,640,stain,412,333,491,374
stains-9-_jpg.rf.f591dc41a61c46b3ddbd9504972cda4b.jpg,640,640,stain,342,100,447,540
stains-9-_jpg.rf.f591dc41a61c46b3ddbd9504972cda4b.jpg,640,640,stain,205,281,225,329
stains-9-_jpg.rf.f591dc41a61c46b3ddbd9504972cda4b.jpg,640,640,stain,214,341,640,416
stains-9-_jpg.rf.f591dc41a61c46b3ddbd9504972cda4b.jpg,640,640,stain,47,302,169,432
stains-69-_jpg.rf.f5ff2373445b3db3bc795c0968058e70.jpg,640,640,stain,443,302,515,332
flats-42-_jpg.rf.fa1e4fdbfff5266a54f0ff8d2f4b8706.jpg,640,640,flat,327,247,418,343
flats-37-_jpg.rf.fb574634a820683705411380c8b5dbb5.jpg,640,640,flat,99,171,553,574
stains-36-_jpg.rf.fd8a5f211d5768ae452cd04e77372420.jpg,640,640,stain,129,137,432,539
stains-41-_jpg.rf.ff40e7eca1c6e57274eeb09d49bdbbc5.jpg,640,640,stain,271,181,596,588
stains-43-_jpg.rf.f95cadc374695dd613b2bce2231fd810.jpg,640,640,stain,275,243,362,346
stains-37-_jpg.rf.ffc3006f1802fcd5091da2017362900c.jpg,640,640,stain,310,202,348,560
flats-36-_jpg.rf.ffd83a0f2eec72b7b035e916320c42c6.jpg,640,640,flat,74,202,520,557
flats-61-_jpg.rf.03e9a5540218270638f26a187eedcf31.jpg,640,640,flat,100,215,557,380
flats-60-_jpg.rf.00ca6a168a28dad39b420e23e43e47d2.jpg,640,640,flat,139,295,497,371
holes-25-_jpg.rf.017e478bdd24b6b3e79d26cc6c6bbe7d.jpg,640,640,hole,246,273,311,311
holes-22-_jpg.rf.054ee46899c38e8cf43f6d5a0fd961f1.jpg,640,640,hole,308,261,364,296
holes-22-_jpg.rf.054ee46899c38e8cf43f6d5a0fd961f1.jpg,640,640,hole,176,246,202,284
stains-43-_jpg.rf.02d8e2ea488a919a8b7709324d93c444.jpg,640,640,stain,280,311,386,435
flats-31-_jpg.rf.0309612f80301c01ffb9b5e52ce90ae4.jpg,640,640,flat,234,255,336,302
flats-46-_jpg.rf.03b4a0191a235583e06b14a337ff279c.jpg,640,640,flat,107,255,640,472
holes-12-_jpg.rf.07253f94d1ef8740a35a7f64db5e61b8.jpg,640,640,hole,286,259,324,287
holes-12-_jpg.rf.07253f94d1ef8740a35a7f64db5e61b8.jpg,640,640,hole,360,230,408,261
holes-12-_jpg.rf.07253f94d1ef8740a35a7f64db5e61b8.jpg,640,640,hole,425,216,459,238
holes-12-_jpg.rf.07253f94d1ef8740a35a7f64db5e61b8.jpg,640,640,hole,465,186,534,224
holes-12-_jpg.rf.07253f94d1ef8740a35a7f64db5e61b8.jpg,640,640,hole,109,304,127,327
holes-12-_jpg.rf.07253f94d1ef8740a35a7f64db5e61b8.jpg,640,640,hole,17,313,38,336
stains-27-_jpg.rf.085d08928a6d19b015e846fb1299e1bc.jpg,640,640,stain,278,240,360,364
stains-28-_jpg.rf.08f05b25a4c5287e30ae54ead1a585d5.jpg,640,640,stain,312,268,357,524
stains-23-_jpg.rf.0a71960e2bfc3f7f1d5973a8b708a58c.jpg,640,640,stain,157,122,455,417
stains-72-_jpg.rf.0ae8a56108c28375e35828bb51310756.jpg,640,640,stain,49,174,590,389
stains-71-_jpg.rf.0b0bbbe9bb8f3dc1010a8bd975b5977b.jpg,640,640,stain,238,287,408,371
stains-71-_jpg.rf.0b0bbbe9bb8f3dc1010a8bd975b5977b.jpg,640,640,stain,0,242,419,419
flats-1-_jpg.rf.0b03bf60e225924c36d0b14971ed3999.jpg,640,640,flat,251,237,555,347
flats-18-_jpg.rf.0b3c7e32f70d5ed62842fcfc17c1cb49.jpg,640,640,flat,237,273,448,427
flats-28-_jpg.rf.0d16af023c69bf7b74490b5e6f59aaec.jpg,640,640,flat,239,188,471,314
stains-68-_jpg.rf.0d95b0130c91ac26ee44ef9b1ccbd5be.jpg,640,640,stain,315,235,585,324
holes-18-_jpg.rf.0c4024b4076bfa1778016efa8014679c.jpg,640,640,hole,364,324,416,349
holes-18-_jpg.rf.0c4024b4076bfa1778016efa8014679c.jpg,640,640,hole,181,317,207,342
holes-41-_jpg.rf.0d0ba307350f572a7b7cdeb162da896b.jpg,640,640,hole,243,285,370,346
stains-58-_jpg.rf.0ddb67e920ed39f050a005cf427130b2.jpg,640,640,stain,48,288,308,320
stains-61-_jpg.rf.0d9ba408f1e5933fb2524b6649998c82.jpg,640,640,stain,315,258,354,395
stains-19-_jpg.rf.0e2bfc20281a22e2a770b9870be878d7.jpg,640,640,stain,233,225,409,440
flats-47-_jpg.rf.0f120d572e347601051d4012bdcbf53d.jpg,640,640,flat,95,183,492,337
stains-31-_jpg.rf.0f96bf321ce16d36d14394056b4b4d2c.jpg,640,640,stain,138,196,411,366
stains-31-_jpg.rf.0f96bf321ce16d36d14394056b4b4d2c.jpg,640,640,stain,490,230,527,267
flats-11-_jpg.rf.0fd813a54a189b20e79c27d259456651.jpg,640,640,flat,379,151,483,275
stains-35-_jpg.rf.12407f8d4cc10ee55f5d0a8bb2e44005.jpg,640,640,stain,161,153,433,500
stains-25-_jpg.rf.1246cad38750df2df6be28bb32db6133.jpg,640,640,stain,210,204,335,388
stains-14-_jpg.rf.1272627599a9ee02b8c1ec5bc133953e.jpg,640,640,flat,0,276,467,352
stains-14-_jpg.rf.1272627599a9ee02b8c1ec5bc133953e.jpg,640,640,stain,349,354,443,421
stains-14-_jpg.rf.1272627599a9ee02b8c1ec5bc133953e.jpg,640,640,stain,382,325,401,353
stains-23-_jpg.rf.13e8beb601673083fbdef79e1f839632.jpg,640,640,stain,158,125,415,406
flats-33-_jpg.rf.15905dd071e8ab71b9aba81e069298f2.jpg,640,640,flat,247,227,536,365
flats-12-_jpg.rf.151bd6718342ee8587c59ff79f6c572c.jpg,640,640,flat,291,260,529,318
stains-63-_jpg.rf.16968848b5685ff880b1cd062da6f480.jpg,640,640,stain,291,268,349,407
stains-45-_jpg.rf.171e0eebe93c1b7d313406b7d92e8205.jpg,640,640,stain,266,234,417,448
stains-15-_jpg.rf.180057ea5219779f32079b946baf01a7.jpg,640,640,flat,132,227,499,381
stains-15-_jpg.rf.180057ea5219779f32079b946baf01a7.jpg,640,640,stain,292,310,315,344
stains-15-_jpg.rf.180057ea5219779f32079b946baf01a7.jpg,640,640,stain,298,354,343,397
stains-15-_jpg.rf.180057ea5219779f32079b946baf01a7.jpg,640,640,stain,223,365,263,412
stains-15-_jpg.rf.180057ea5219779f32079b946baf01a7.jpg,640,640,stain,249,339,311,429
stains-66-_jpg.rf.16ff4fbff6a823108738578b4e522534.jpg,640,640,stain,223,331,285,437
stains-66-_jpg.rf.16ff4fbff6a823108738578b4e522534.jpg,640,640,stain,340,317,424,469
flats-5-_jpg.rf.18983a9151942979664aff1cf024a169.jpg,640,640,flat,23,187,629,379
holes-3-_jpg.rf.189a4c59901c6b2cd96b88a1f9e0d1c3.jpg,640,640,hole,229,302,267,361
stains-15-_jpg.rf.190bbd3fa4d4ec25163ad5abd60cde81.jpg,640,640,flat,133,220,500,395
stains-15-_jpg.rf.190bbd3fa4d4ec25163ad5abd60cde81.jpg,640,640,stain,291,312,316,347
stains-15-_jpg.rf.190bbd3fa4d4ec25163ad5abd60cde81.jpg,640,640,stain,295,356,342,401
stains-15-_jpg.rf.190bbd3fa4d4ec25163ad5abd60cde81.jpg,640,640,stain,219,363,261,411
stains-15-_jpg.rf.190bbd3fa4d4ec25163ad5abd60cde81.jpg,640,640,stain,244,338,310,431
flats-11-_jpg.rf.1910a18934ee0605a9a1aca6a1ec0d8c.jpg,640,640,flat,382,193,483,306
stains-33-_jpg.rf.19a9063e722f7ee41bdb4e2a99caf785.jpg,640,640,stain,14,86,522,365
holes-11-_jpg.rf.1b7c968a9bb65e0c016f5a86cd4f8a6a.jpg,640,640,hole,239,303,356,403
stains-2-_jpg.rf.1c5291a59353ce95a15107ba59022ee6.jpg,640,640,stain,204,190,352,464
flats-24-_jpg.rf.1e76f054f852e15bacdab2f6083be061.jpg,640,640,flat,194,298,464,436
flats-34-_jpg.rf.21d5867ca33e64b654d3d0a672911228.jpg,640,640,flat,133,143,498,352
stains-2-_jpg.rf.1e7028e139b036dd8117bba5d1f5f0d2.jpg,640,640,stain,316,147,434,416
flats-8-_jpg.rf.215740f8150b8687c4f55d860d6ea88c.jpg,640,640,flat,290,359,433,424
flats-8-_jpg.rf.215740f8150b8687c4f55d860d6ea88c.jpg,640,640,flat,280,223,447,305
flats-35-_jpg.rf.1f3a9b75fc1614cfe5f6a61802c239a2.jpg,640,640,flat,175,274,531,417
flats-33-_jpg.rf.21f8dd8f310d558c63bc5ab0efc29546.jpg,640,640,flat,133,277,415,362
flats-13-_jpg.rf.23806b9215c01add5e79fd35abaed508.jpg,640,640,flat,150,197,498,424
holes-12-_jpg.rf.2294969b307b98230836f0ec6c1ed785.jpg,640,640,hole,324,254,361,278
holes-12-_jpg.rf.2294969b307b98230836f0ec6c1ed785.jpg,640,640,hole,238,250,284,275
holes-12-_jpg.rf.2294969b307b98230836f0ec6c1ed785.jpg,640,640,hole,185,252,217,270
holes-12-_jpg.rf.2294969b307b98230836f0ec6c1ed785.jpg,640,640,hole,107,243,175,271
holes-12-_jpg.rf.2294969b307b98230836f0ec6c1ed785.jpg,640,640,hole,524,242,540,264
holes-12-_jpg.rf.2294969b307b98230836f0ec6c1ed785.jpg,640,640,hole,612,225,631,245
stains-29-_jpg.rf.23b69aa048e6f372e3cfa9aadc3cd414.jpg,640,640,stain,12,125,385,466
stains-29-_jpg.rf.23b69aa048e6f372e3cfa9aadc3cd414.jpg,640,640,stain,397,298,469,387
stains-22-_jpg.rf.2605cba36ddaecf58ff6efc221d852fd.jpg,640,640,stain,158,199,442,519
flats-23-_jpg.rf.26a9e1c5624cd472f1a30a62bcd4d752.jpg,640,640,flat,195,149,454,368
holes-10-_jpg.rf.2685f7099145d2e87b3981ca8b337dc9.jpg,640,640,hole,273,218,333,276
stains-31-_jpg.rf.279ce6ea82b0479684d7d04e629b47d7.jpg,640,640,stain,226,254,532,500
stains-31-_jpg.rf.279ce6ea82b0479684d7d04e629b47d7.jpg,640,640,stain,136,417,180,464
flats-61-_jpg.rf.2aff5a5021b3cc49522b5d8c28228bd0.jpg,640,640,flat,87,239,522,363
holes-10-_jpg.rf.2d83287f67467cd19674c00ea3e85d87.jpg,640,640,hole,304,228,352,278
stains-25-_jpg.rf.2cd7b5bf592c14e2d956d8c58c4c6e70.jpg,640,640,stain,290,218,415,402
stains-44-_jpg.rf.2e08b12dcbceafcb3685a51c8bc7f2c2.jpg,640,640,stain,286,287,365,377
stains-28-_jpg.rf.2e9cfb03e2f4921186b53167fb38e22e.jpg,640,640,stain,278,138,326,397
flats-52-_jpg.rf.2e1ca681a5d6923b98a517161d60f766.jpg,640,640,flat,169,275,617,418
flats-18-_jpg.rf.31cccaffa2d8ab773be731d74f98e8aa.jpg,640,640,flat,239,252,453,401
flats-50-_jpg.rf.3017fa782cdeb053da50f4dee27015b5.jpg,640,640,flat,67,224,638,317
stains-66-_jpg.rf.331c114ada3be4d8d98d57b9b92c99a0.jpg,640,640,stain,272,326,310,424
stains-66-_jpg.rf.331c114ada3be4d8d98d57b9b92c99a0.jpg,640,640,stain,393,284,442,427
stains-53-_jpg.rf.3340978e86ab9716d54bd92e11f49c79.jpg,640,640,stain,211,85,550,418
stains-35-_jpg.rf.33b19be8a22e5c343ff3beea425bad57.jpg,640,640,stain,199,160,504,516
flats-15-_jpg.rf.33ff4ad9fc5a58d34df7fa4479f5e0d3.jpg,640,640,flat,168,277,495,372
holes-4-_jpg.rf.34b172b2110bf4e698b1b3b92b0caa89.jpg,640,640,hole,258,261,354,326
flats-55-_jpg.rf.3622d85af2fe3081970e664c125fa657.jpg,640,640,flat,246,212,584,379
stains-66-_jpg.rf.34e820d053a31db2b0dadd3f3655ec20.jpg,640,640,stain,256,206,317,312
stains-66-_jpg.rf.34e820d053a31db2b0dadd3f3655ec20.jpg,640,640,stain,374,170,454,323
holes-20-_jpg.rf.363dd693ee7b84a13966e109291d0bd7.jpg,640,640,hole,239,365,274,390
holes-20-_jpg.rf.363dd693ee7b84a13966e109291d0bd7.jpg,640,640,hole,147,327,161,346
holes-25-_jpg.rf.386251d0b0e27e3d7f1ad57f4de10438.jpg,640,640,hole,317,325,386,369
flats-56-_jpg.rf.391df4f4580803c0241aa0e94dabcf20.jpg,640,640,flat,113,250,454,340
stains-13-_jpg.rf.39f06fddd5975b987e00c57f144b4452.jpg,640,640,flat,117,221,631,379
stains-13-_jpg.rf.39f06fddd5975b987e00c57f144b4452.jpg,640,640,stain,289,374,340,427
stains-13-_jpg.rf.39f06fddd5975b987e00c57f144b4452.jpg,640,640,stain,258,343,287,374
stains-13-_jpg.rf.39f06fddd5975b987e00c57f144b4452.jpg,640,640,stain,200,420,239,469
stains-13-_jpg.rf.39f06fddd5975b987e00c57f144b4452.jpg,640,640,stain,226,370,299,470
holes-13-_jpg.rf.3b6b2d209d5a9bb5c65c1191d5748d1f.jpg,640,640,hole,306,280,352,308
holes-13-_jpg.rf.3b6b2d209d5a9bb5c65c1191d5748d1f.jpg,640,640,hole,182,256,222,282
holes-13-_jpg.rf.3b6b2d209d5a9bb5c65c1191d5748d1f.jpg,640,640,hole,9,241,33,261
flats-26-_jpg.rf.3b74f8aa3fc0ffeab6fdb47f05de75a5.jpg,640,640,flat,305,224,486,307
stains-29-_jpg.rf.3c6753910e5d2e86ac654b686b0907d7.jpg,640,640,stain,282,209,615,481
stains-29-_jpg.rf.3c6753910e5d2e86ac654b686b0907d7.jpg,640,640,stain,195,213,256,289
flats-16-_jpg.rf.3cabe59152de635fb68b434c8d474a58.jpg,640,640,flat,148,187,510,282
flats-27-_jpg.rf.3bf681055c9301539af719160cc9cce9.jpg,640,640,flat,176,154,412,291
flats-27-_jpg.rf.3ce42f139e902afb5d7d9728d7b9fc6c.jpg,640,640,flat,194,335,452,501
flats-5-_jpg.rf.3d1d2d8f5fbaec11706a417dd128fb24.jpg,640,640,flat,10,152,627,445
holes-4-_jpg.rf.3d3e9a9bb1027924ad12e174e8b0c4d9.jpg,640,640,hole,256,264,352,330
stains-71-_jpg.rf.3d9ca2f74996866c59b4cd3879172d3a.jpg,640,640,stain,193,309,357,368
stains-71-_jpg.rf.3d9ca2f74996866c59b4cd3879172d3a.jpg,640,640,stain,176,255,626,360
stains-19-_jpg.rf.3dbc453649f25e028a92bcf6af97553a.jpg,640,640,stain,241,221,378,397
stains-14-_jpg.rf.3dec2b203edc6cd63f1990725fd4e65b.jpg,640,640,flat,159,230,631,352
stains-14-_jpg.rf.3dec2b203edc6cd63f1990725fd4e65b.jpg,640,640,stain,179,331,278,408
stains-14-_jpg.rf.3dec2b203edc6cd63f1990725fd4e65b.jpg,640,640,stain,226,305,247,336
holes-14-_jpg.rf.3e31396b741a3f3f703c1959ecefaffc.jpg,640,640,hole,388,216,487,249
holes-40-_jpg.rf.3e6ca6bad1a814fdc6c864f867862159.jpg,640,640,hole,307,281,396,360
holes-30-_jpg.rf.3e5ac20011f1c3f3d209e466a9ab1f49.jpg,640,640,hole,262,309,404,360
flats-2-_jpg.rf.3eaf47a25c29ff77dd26499e8e6800d5.jpg,640,640,flat,138,286,489,426
stains-57-_jpg.rf.3f36868d69b37da95e22ca5af090c4a0.jpg,640,640,stain,178,351,198,378
stains-57-_jpg.rf.3f36868d69b37da95e22ca5af090c4a0.jpg,640,640,stain,189,172,333,338
stains-57-_jpg.rf.3f36868d69b37da95e22ca5af090c4a0.jpg,640,640,stain,390,303,426,343
holes-7-_jpg.rf.3efd5f4a75a4c1b358e10cc48c6cef46.jpg,640,640,hole,226,343,377,401
stains-44-_jpg.rf.3f633a4dd8b62a3972c6c17071128632.jpg,640,640,stain,260,291,352,392
stains-20-_jpg.rf.3fbbfbb8e47192529ca3633a67e03911.jpg,640,640,stain,243,256,360,393
holes-20-_jpg.rf.3f7b4cc1f87c66d9c3fe29a24164c6dc.jpg,640,640,hole,261,365,294,384
holes-20-_jpg.rf.3f7b4cc1f87c66d9c3fe29a24164c6dc.jpg,640,640,hole,165,344,177,362
holes-29-_jpg.rf.3fcf95a3f31a4e326cebc68e37d8a18f.jpg,640,640,hole,282,289,394,346
flats-60-_jpg.rf.3fe47d17f22dba7e3280317a083fcc93.jpg,640,640,flat,151,278,511,375
stains-62-_jpg.rf.417fd4aa57e9fe79aa867d92e6869535.jpg,640,640,stain,289,181,361,337
stains-42-_jpg.rf.41df207e8f5e5ef7928ac1c56fd3f964.jpg,640,640,stain,106,155,426,638
flats-11-_jpg.rf.41ffee309f6dff935aa91d7a59e36ee2.jpg,640,640,flat,178,335,286,450
flats-27-_jpg.rf.420b50a669d769c841f0ba72e46211fb.jpg,640,640,flat,224,155,463,301
flats-16-_jpg.rf.421e452f6ba6b05c7925d88007f61bb0.jpg,640,640,flat,141,135,516,299
holes-27-_jpg.rf.4269adb68efa7fabcc2220de9cef45f0.jpg,640,640,hole,427,254,453,295
stains-8-_jpg.rf.424850d977ff15b1cdd6d32fae1b7add.jpg,640,640,stain,178,66,407,534
stains-8-_jpg.rf.424850d977ff15b1cdd6d32fae1b7add.jpg,640,640,stain,0,195,470,332
stains-8-_jpg.rf.424850d977ff15b1cdd6d32fae1b7add.jpg,640,640,stain,447,256,482,307
flats-53-_jpg.rf.43ed8475f48d94c8355f224e70b4406e.jpg,640,640,flat,117,255,405,359
holes-30-_jpg.rf.462d94b866ba9ee92b10516dca66c04f.jpg,640,640,hole,261,314,397,350
flats-48-_jpg.rf.44a2537a90fe1ca0f97b79c83a877e64.jpg,640,640,flat,0,317,556,429
holes-16-_jpg.rf.463f0b8d64f55e941d09ebe01c1f8625.jpg,640,640,hole,281,255,326,288
holes-16-_jpg.rf.463f0b8d64f55e941d09ebe01c1f8625.jpg,640,640,hole,220,249,246,283
holes-16-_jpg.rf.463f0b8d64f55e941d09ebe01c1f8625.jpg,640,640,hole,165,255,178,275
holes-16-_jpg.rf.463f0b8d64f55e941d09ebe01c1f8625.jpg,640,640,hole,155,275,161,284
holes-16-_jpg.rf.463f0b8d64f55e941d09ebe01c1f8625.jpg,640,640,hole,150,238,168,261
holes-28-_jpg.rf.46d78b00fcf1011b230539167309a1af.jpg,640,640,hole,277,254,400,303
flats-20-_jpg.rf.48699fe2aa7d04331cf5c5e7fc9aa05a.jpg,640,640,flat,75,68,390,304
holes-37-_jpg.rf.47707a0b4f79df5f8d4f1c80e1afbcac.jpg,640,640,hole,279,269,354,327
stains-54-_jpg.rf.46f8414262e102747968aca523cd77b7.jpg,640,640,stain,51,0,476,321
stains-42-_jpg.rf.497d6e8ddb7d1ad66751b90a1e6d0aac.jpg,640,640,stain,223,167,509,627
holes-27-_jpg.rf.493b54c04dbae6e11d79f0fa01106ee4.jpg,640,640,hole,165,316,195,356
flats-36-_jpg.rf.4af01825ba5366a7f54f2cd8dd15ec19.jpg,640,640,flat,147,215,561,525
holes-17-_jpg.rf.494f481edd977572116edccc8883bb30.jpg,640,640,hole,251,325,284,358
holes-17-_jpg.rf.494f481edd977572116edccc8883bb30.jpg,640,640,hole,262,251,282,287
holes-17-_jpg.rf.494f481edd977572116edccc8883bb30.jpg,640,640,hole,222,238,243,260
holes-17-_jpg.rf.494f481edd977572116edccc8883bb30.jpg,640,640,hole,204,255,221,277
holes-17-_jpg.rf.494f481edd977572116edccc8883bb30.jpg,640,640,hole,158,248,178,278
stains-22-_jpg.rf.4c04a48b321e09413393f55169d1fb61.jpg,640,640,stain,154,162,478,519
stains-31-_jpg.rf.4c759e75063b75995ba7ad8bc1d8fdf9.jpg,640,640,stain,206,114,519,370
stains-31-_jpg.rf.4c759e75063b75995ba7ad8bc1d8fdf9.jpg,640,640,stain,105,262,152,311
flats-51-_jpg.rf.4e329748f4025f46484b1faf11082fcc.jpg,640,640,flat,23,233,640,570
flats-51-_jpg.rf.4e329748f4025f46484b1faf11082fcc.jpg,640,640,stain,299,178,397,322
stains-34-_jpg.rf.4e6bf0d8578ba44757354fa1830a6b51.jpg,640,640,stain,229,208,470,531
flats-9-_jpg.rf.4f3349664397cda7f1cfadfa10ff5e2a.jpg,640,640,flat,289,237,384,318
stains-40-_jpg.rf.5165ced22c62251a9c7326cfe9bf2aa5.jpg,640,640,stain,182,168,475,615
holes-13-_jpg.rf.4f6bbc68356a105af43f94b2de8799a0.jpg,640,640,hole,270,333,312,355
holes-13-_jpg.rf.4f6bbc68356a105af43f94b2de8799a0.jpg,640,640,hole,404,344,440,367
holes-13-_jpg.rf.4f6bbc68356a105af43f94b2de8799a0.jpg,640,640,hole,596,346,617,363
flats-23-_jpg.rf.517321f59cf88fe8e905a48214bf2074.jpg,640,640,flat,174,155,453,400
holes-16-_jpg.rf.51ed5398a2771fefc0928c83b6eb3fb0.jpg,640,640,hole,364,377,412,415
holes-16-_jpg.rf.51ed5398a2771fefc0928c83b6eb3fb0.jpg,640,640,hole,438,356,467,393
holes-16-_jpg.rf.51ed5398a2771fefc0928c83b6eb3fb0.jpg,640,640,hole,499,342,514,363
holes-16-_jpg.rf.51ed5398a2771fefc0928c83b6eb3fb0.jpg,640,640,hole,509,328,516,337
holes-16-_jpg.rf.51ed5398a2771fefc0928c83b6eb3fb0.jpg,640,640,hole,514,350,534,375
flats-43-_jpg.rf.552cca4ea594826368f3e4455eeb3eaa.jpg,640,640,flat,292,281,365,362
holes-28-_jpg.rf.527f196ee9d3acf55668d0ed4d36e79a.jpg,640,640,hole,288,314,408,346
stains-43-_jpg.rf.55b9bb0f029af6e056626620f899f591.jpg,640,640,stain,265,224,377,348
flats-50-_jpg.rf.5a47ef2f3a5c856fa4dcb577080ab463.jpg,640,640,flat,15,224,599,474
flats-61-_jpg.rf.57e6fecfe53527ce20b41205f5d0682f.jpg,640,640,flat,55,243,503,401
flats-1-_jpg.rf.5b98df65b8f0d210f86eee7669685c0d.jpg,640,640,flat,233,223,545,344
flats-2-_jpg.rf.5deed866f893119a26af24cce5d2c497.jpg,640,640,flat,158,191,508,336
stains-72-_jpg.rf.5ebbf0bf3f7314814494160cb3543f0d.jpg,640,640,stain,33,307,554,399
holes-42-_jpg.rf.5fe1a4cf8a33c8cc1253f07ecfb3348d.jpg,640,640,hole,223,254,362,316
flats-42-_jpg.rf.61a8defab6c4fdee8a8d7523fa24bf3e.jpg,640,640,flat,223,239,332,356
holes-42-_jpg.rf.60f439130c53a9e00ffc51e2cf1b806d.jpg,640,640,hole,242,272,376,322
flats-3-_jpg.rf.61ae3525180446ce4d96083320de4fcc.jpg,640,640,flat,143,240,556,466
flats-9-_jpg.rf.630c721271d999d9c61abf167a61619f.jpg,640,640,flat,220,222,337,327
stains-64-_jpg.rf.63f06d1f9a9a23676ab0a081550c84aa.jpg,640,640,stain,152,181,419,441
stains-53-_jpg.rf.637434d53799f822d5735a6da7195f07.jpg,640,640,stain,85,198,459,578
stains-25-_jpg.rf.641732c7d695026cb8905f9af78fa481.jpg,640,640,stain,240,223,337,391
flats-56-_jpg.rf.65b5dea390a7e195c63827e1a6d5507d.jpg,640,640,flat,108,249,457,400
holes-12-_jpg.rf.66618c990681d2bbec8180cf5598b0a3.jpg,640,640,hole,296,281,331,300
holes-12-_jpg.rf.66618c990681d2bbec8180cf5598b0a3.jpg,640,640,hole,373,277,417,296
holes-12-_jpg.rf.66618c990681d2bbec8180cf5598b0a3.jpg,640,640,hole,440,278,470,292
holes-12-_jpg.rf.66618c990681d2bbec8180cf5598b0a3.jpg,640,640,hole,482,271,549,289
holes-12-_jpg.rf.66618c990681d2bbec8180cf5598b0a3.jpg,640,640,hole,117,269,131,288
holes-12-_jpg.rf.66618c990681d2bbec8180cf5598b0a3.jpg,640,640,hole,27,252,44,270
flats-31-_jpg.rf.68a63997fae547e8346f18bf34b68b08.jpg,640,640,flat,264,317,380,394
holes-15-_jpg.rf.68b72362b44a6aed7c502d15806bb0fe.jpg,640,640,hole,324,156,359,204
holes-15-_jpg.rf.68b72362b44a6aed7c502d15806bb0fe.jpg,640,640,hole,225,182,254,224
holes-15-_jpg.rf.68b72362b44a6aed7c502d15806bb0fe.jpg,640,640,hole,191,165,225,196
holes-15-_jpg.rf.68b72362b44a6aed7c502d15806bb0fe.jpg,640,640,hole,127,194,149,241
holes-15-_jpg.rf.68b72362b44a6aed7c502d15806bb0fe.jpg,640,640,hole,97,299,140,335
holes-15-_jpg.rf.68b72362b44a6aed7c502d15806bb0fe.jpg,640,640,hole,419,156,471,187
stains-5-_jpg.rf.6966ecbaf31b6b793a59460dd6ae17b0.jpg,640,640,stain,147,29,487,375
stains-54-_jpg.rf.69bfccb2c9facc186d9cfb69ca0624a4.jpg,640,640,stain,213,335,592,640
stains-7-_jpg.rf.692e9a44c764facda509b5b824ef0329.jpg,640,640,stain,117,86,304,539
stains-7-_jpg.rf.692e9a44c764facda509b5b824ef0329.jpg,640,640,stain,287,196,590,389
stains-50-_jpg.rf.6a5c78200fa08a9ce6ec7c3b35f0a2d3.jpg,640,640,stain,325,206,423,402
flats-12-_jpg.rf.6accf31e56e8b2a365aa47a6ab53fa69.jpg,640,640,flat,292,287,537,401
flats-54-_jpg.rf.6a7f12b35f09056d2d9e42315096e992.jpg,640,640,flat,40,209,481,395
flats-22-_jpg.rf.6af664e0e74925e366ea399e3257101d.jpg,640,640,flat,247,298,449,404
stains-13-_jpg.rf.6c17346310122182a4d611135884af00.jpg,640,640,flat,118,205,630,381
stains-13-_jpg.rf.6c17346310122182a4d611135884af00.jpg,640,640,stain,267,351,316,406
stains-13-_jpg.rf.6c17346310122182a4d611135884af00.jpg,640,640,stain,249,312,277,345
stains-13-_jpg.rf.6c17346310122182a4d611135884af00.jpg,640,640,stain,170,378,207,428
stains-13-_jpg.rf.6c17346310122182a4d611135884af00.jpg,640,640,stain,202,336,272,439
flats-35-_jpg.rf.6cbb21bd2980c3262fa683de4fe6373b.jpg,640,640,flat,153,273,513,441
flats-41-_jpg.rf.6ccadd53fbb9bc06b70385276cccb05d.jpg,640,640,flat,234,194,370,319
stains-50-_jpg.rf.6c24c70b3e5f96e1410fc9ade5b1a847.jpg,640,640,stain,328,201,400,389
flats-15-_jpg.rf.6d5c3bf96518159f49cd5b28a0e8c0f3.jpg,640,640,flat,142,267,482,385
flats-55-_jpg.rf.6fda8880599b297d144fb0b9f084a35f.jpg,640,640,flat,47,208,376,375
stains-7-_jpg.rf.6f968185f73e1c40abd9723cd7b9bfff.jpg,640,640,stain,358,94,528,543
stains-7-_jpg.rf.6f968185f73e1c40abd9723cd7b9bfff.jpg,640,640,stain,66,273,365,453
flats-39-_jpg.rf.7256c5347d5d9af2a9c5b76459a036d5.jpg,640,640,flat,229,200,346,352
holes-3-_jpg.rf.73ca2e3da96a1ecb255039b6fd457a9c.jpg,640,640,hole,202,270,251,335
stains-8-_jpg.rf.747717bd8fc5d0f4a3d29e2ddf5b71b6.jpg,640,640,stain,255,64,379,509
stains-8-_jpg.rf.747717bd8fc5d0f4a3d29e2ddf5b71b6.jpg,640,640,stain,3,225,497,256
stains-8-_jpg.rf.747717bd8fc5d0f4a3d29e2ddf5b71b6.jpg,640,640,stain,477,268,501,314
stains-36-_jpg.rf.745f7c3e9174841df9abb7d9f2f172c2.jpg,640,640,stain,214,156,491,537
stains-5-_jpg.rf.7037a10a119166dfc80a5c5b95f0e4b0.jpg,640,640,stain,155,274,419,537
stains-22-_jpg.rf.76033d7ec4202a5386f08ba876253ad2.jpg,640,640,stain,189,178,545,552
stains-20-_jpg.rf.766def7631964ba30a0187152657640f.jpg,640,640,stain,266,223,385,364
stains-71-_jpg.rf.783fefd2414ef41f6db1328e77423d56.jpg,640,640,stain,269,301,428,338
stains-71-_jpg.rf.783fefd2414ef41f6db1328e77423d56.jpg,640,640,stain,0,325,443,368
flats-50-_jpg.rf.777631ed0c33741a405e5ef060d56cfb.jpg,640,640,flat,44,290,627,448
holes-15-_jpg.rf.79c07e2376fe7050296c7c5ab4008fe2.jpg,640,640,hole,288,160,331,212
holes-15-_jpg.rf.79c07e2376fe7050296c7c5ab4008fe2.jpg,640,640,hole,388,195,424,240
holes-15-_jpg.rf.79c07e2376fe7050296c7c5ab4008fe2.jpg,640,640,hole,422,180,461,215
holes-15-_jpg.rf.79c07e2376fe7050296c7c5ab4008fe2.jpg,640,640,hole,489,216,519,265
holes-15-_jpg.rf.79c07e2376fe7050296c7c5ab4008fe2.jpg,640,640,hole,481,321,530,362
holes-15-_jpg.rf.79c07e2376fe7050296c7c5ab4008fe2.jpg,640,640,hole,181,150,238,187
flats-34-_jpg.rf.7b08379d264d6b467b002cc20c5e37aa.jpg,640,640,flat,149,214,488,328
flats-8-_jpg.rf.7aa890d47a419533567df9eecda08368.jpg,640,640,flat,312,203,451,254
flats-8-_jpg.rf.7aa890d47a419533567df9eecda08368.jpg,640,640,flat,293,322,455,390
flats-48-_jpg.rf.7d29cdb23ec64488c023bd934349a4c7.jpg,640,640,flat,74,241,640,441
stains-33-_jpg.rf.7bf9c15b92f668ef715e127d5e7fef42.jpg,640,640,stain,106,149,571,324
stains-29-_jpg.rf.7f0b758441ba7087ccd82bc1d7eab304.jpg,640,640,stain,281,161,628,449
stains-29-_jpg.rf.7f0b758441ba7087ccd82bc1d7eab304.jpg,640,640,stain,197,349,262,427
stains-34-_jpg.rf.7f5275fce40d483ccc6e25b472c8e02d.jpg,640,640,stain,226,118,514,470
stains-27-_jpg.rf.7dcacafb7d72296c3b0873453f31877f.jpg,640,640,stain,257,246,348,373
flats-1-_jpg.rf.7f7857855670cb2dc15ec8a5bd49f779.jpg,640,640,flat,219,237,546,445
holes-9-_jpg.rf.802474b1389a88d70086428f25454d0a.jpg,640,640,hole,261,220,352,280
stains-35-_jpg.rf.7fd6c9c23fb90f5a5d5bb088483ebd64.jpg,640,640,stain,213,175,453,490
stains-58-_jpg.rf.7fe642dafe2490f664ebf74953f2fe06.jpg,640,640,stain,48,292,310,369
stains-64-_jpg.rf.812112a11c9ac98cb6006ead33915917.jpg,640,640,stain,189,195,462,458
stains-19-_jpg.rf.805c2b822cc279ddded8fef05cf3ee0d.jpg,640,640,stain,246,230,414,429
stains-63-_jpg.rf.8191866254189f3ca35498a9d5778e22.jpg,640,640,stain,311,224,368,364
flats-38-_jpg.rf.813f56d43538b90cdb689b844cdaceab.jpg,640,640,flat,275,197,439,365
stains-57-_jpg.rf.8252087beb66ab77c53d243bf0b521d2.jpg,640,640,stain,417,225,431,249
stains-57-_jpg.rf.8252087beb66ab77c53d243bf0b521d2.jpg,640,640,stain,321,286,434,422
stains-57-_jpg.rf.8252087beb66ab77c53d243bf0b521d2.jpg,640,640,stain,200,290,229,323
holes-37-_jpg.rf.83e7ddd84012c25546b5f587605e55ca.jpg,640,640,hole,262,275,347,353
holes-33-_jpg.rf.837c2e814b4f8a6c18825cf1a75fafd7.jpg,640,640,hole,253,270,319,327
holes-30-_jpg.rf.85b1967bf09230d7966e3347f59ea79b.jpg,640,640,hole,239,272,381,326
flats-28-_jpg.rf.85b22279b4a7fd70923e065f2da484c7.jpg,640,640,flat,226,344,462,488
flats-26-_jpg.rf.88fe13b3a3827fdfeab19a6360d6398d.jpg,640,640,flat,129,312,317,410
flats-7-_jpg.rf.89ab4384fafd817c8543cc8acad29349.jpg,640,640,flat,143,383,341,481
flats-7-_jpg.rf.89ab4384fafd817c8543cc8acad29349.jpg,640,640,flat,130,245,348,364
flats-57-_jpg.rf.8750595dc5a8c7411121d110a0d9e1b7.jpg,640,640,flat,103,262,410,339
stains-45-_jpg.rf.89b8889205c7ee7f1b8a21eecd5c8774.jpg,640,640,stain,200,244,415,502
stains-13-_jpg.rf.8a2db5b1b80d55d4027bb03815c17ee1.jpg,640,640,flat,0,275,503,352
stains-13-_jpg.rf.8a2db5b1b80d55d4027bb03815c17ee1.jpg,640,640,stain,301,380,343,426
stains-13-_jpg.rf.8a2db5b1b80d55d4027bb03815c17ee1.jpg,640,640,stain,347,341,371,369
stains-13-_jpg.rf.8a2db5b1b80d55d4027bb03815c17ee1.jpg,640,640,stain,406,409,436,454
stains-13-_jpg.rf.8a2db5b1b80d55d4027bb03815c17ee1.jpg,640,640,stain,348,368,403,460
flats-24-_jpg.rf.8a9dd1f03479945ed667f00810ce5925.jpg,640,640,flat,189,220,446,333
stains-61-_jpg.rf.8a3375bcf36a2c3b1efcc0d5e3dc648f.jpg,640,640,stain,316,247,380,388
stains-68-_jpg.rf.8af58e3299e9f777e87af06e7008a2a3.jpg,640,640,stain,308,286,572,344
stains-64-_jpg.rf.8bf5cc884f460b33fc682aac43496eb2.jpg,640,640,stain,229,209,448,430
holes-11-_jpg.rf.8b798816e45fbbdeca2f083aa5142290.jpg,640,640,hole,249,319,361,422
flats-39-_jpg.rf.8e0f75d54a52e594ae1c518d57a08858.jpg,640,640,flat,292,283,411,434
stains-8-_jpg.rf.8c4bbb350c20acc6a5176c3ebb5b1c3b.jpg,640,640,stain,200,139,441,619
stains-8-_jpg.rf.8c4bbb350c20acc6a5176c3ebb5b1c3b.jpg,640,640,stain,151,318,631,507
stains-8-_jpg.rf.8c4bbb350c20acc6a5176c3ebb5b1c3b.jpg,640,640,stain,133,376,170,429
stains-5-_jpg.rf.8ec484a30f326f3f2858a0b7c7ae92af.jpg,640,640,stain,215,100,525,427
holes-17-_jpg.rf.8e3763fe1258d0f32d3aa6882965d1e2.jpg,640,640,hole,283,296,309,323
holes-17-_jpg.rf.8e3763fe1258d0f32d3aa6882965d1e2.jpg,640,640,hole,276,364,288,397
holes-17-_jpg.rf.8e3763fe1258d0f32d3aa6882965d1e2.jpg,640,640,hole,230,382,247,401
holes-17-_jpg.rf.8e3763fe1258d0f32d3aa6882965d1e2.jpg,640,640,hole,217,361,229,380
holes-17-_jpg.rf.8e3763fe1258d0f32d3aa6882965d1e2.jpg,640,640,hole,173,349,186,376
flats-39-_jpg.rf.8ef45c6322836813ec231bde7b7b78ae.jpg,640,640,flat,323,221,425,363
stains-27-_jpg.rf.8f02d67050f36f76d2f1337e4bb94d9d.jpg,640,640,stain,247,260,359,401
flats-57-_jpg.rf.903eb00156ab924f1b323c60fec2b180.jpg,640,640,flat,246,275,567,389
holes-15-_jpg.rf.9124d37c76385d772a85d04304b353ee.jpg,640,640,hole,288,424,321,471
holes-15-_jpg.rf.9124d37c76385d772a85d04304b353ee.jpg,640,640,hole,394,410,421,450
holes-15-_jpg.rf.9124d37c76385d772a85d04304b353ee.jpg,640,640,hole,421,440,454,469
holes-15-_jpg.rf.9124d37c76385d772a85d04304b353ee.jpg,640,640,hole,500,399,519,445
holes-15-_jpg.rf.9124d37c76385d772a85d04304b353ee.jpg,640,640,hole,514,306,555,340
holes-15-_jpg.rf.9124d37c76385d772a85d04304b353ee.jpg,640,640,hole,175,437,226,465
flats-5-_jpg.rf.90fc5948f3106e85c7114b68ea7551b3.jpg,640,640,flat,48,225,634,370
flats-26-_jpg.rf.920ff646632fa234ebf600984b92d5c4.jpg,640,640,flat,134,326,335,447
stains-15-_jpg.rf.93060d4f8a1332b96eca5cb831e2e11d.jpg,640,640,flat,158,263,515,333
stains-15-_jpg.rf.93060d4f8a1332b96eca5cb831e2e11d.jpg,640,640,stain,336,308,352,339
stains-15-_jpg.rf.93060d4f8a1332b96eca5cb831e2e11d.jpg,640,640,stain,300,350,338,384
stains-15-_jpg.rf.93060d4f8a1332b96eca5cb831e2e11d.jpg,640,640,stain,375,379,407,419
stains-15-_jpg.rf.93060d4f8a1332b96eca5cb831e2e11d.jpg,640,640,stain,334,344,378,426
holes-27-_jpg.rf.9283e7cc4e766e2123a8c314a979e24f.jpg,640,640,hole,433,297,455,334
flats-47-_jpg.rf.94e4a8398ef04a211509d5b12c5835ec.jpg,640,640,flat,103,242,491,331
holes-25-_jpg.rf.95cd97738f52591a1ed71a248d7c54a1.jpg,640,640,hole,349,286,410,321
flats-53-_jpg.rf.95f2a1ac776803b167111f615812996a.jpg,640,640,flat,246,253,550,409
flats-54-_jpg.rf.9606ee956e290c9344f7bf9803c8e6fc.jpg,640,640,flat,10,267,446,403
holes-20-_jpg.rf.9666e44915edb3c59372bf375e6388b7.jpg,640,640,hole,235,374,266,391
holes-20-_jpg.rf.9666e44915edb3c59372bf375e6388b7.jpg,640,640,hole,140,359,150,376
stains-57-_jpg.rf.97b98fc248d50fccc2aff62e9bb16a00.jpg,640,640,stain,209,240,227,266
stains-57-_jpg.rf.97b98fc248d50fccc2aff62e9bb16a00.jpg,640,640,stain,216,288,352,439
stains-57-_jpg.rf.97b98fc248d50fccc2aff62e9bb16a00.jpg,640,640,stain,419,280,454,317
flats-48-_jpg.rf.98c3ab5b31d9b748416d30ffd5407acf.jpg,640,640,flat,60,317,640,389
stains-40-_jpg.rf.987adf25c90140cc017275040c469d18.jpg,640,640,stain,216,217,467,617
holes-32-_jpg.rf.98dcf023e65066418b34cd73b2fb8b4b.jpg,640,640,hole,294,271,349,333
holes-41-_jpg.rf.998a13f1fc93652c42f024776bc915d5.jpg,640,640,hole,263,285,386,330
flats-32-_jpg.rf.99c8506961368dabad30c16650226928.jpg,640,640,flat,319,313,443,393
flats-16-_jpg.rf.9a61d4f5d5f062ac61648f355522d6d9.jpg,640,640,flat,89,283,475,487
stains-50-_jpg.rf.9a60760272371d874604b5ca339e28ca.jpg,640,640,stain,293,165,395,365
flats-60-_jpg.rf.9af052f3f340bf104a528b90e4c6e8c3.jpg,640,640,flat,136,272,496,369
stains-46-_jpg.rf.9bb55a30370f745634276c57cdcb1b6a.jpg,640,640,stain,286,351,389,405
stains-40-_jpg.rf.9b5b4803b54925d5f7f83fbaabb3e2b3.jpg,640,640,stain,144,213,431,640
stains-9-_jpg.rf.9bbc3b94a6f4f7cc494571c082c42668.jpg,640,640,stain,286,92,485,543
stains-9-_jpg.rf.9bbc3b94a6f4f7cc494571c082c42668.jpg,640,640,stain,195,254,225,305
stains-9-_jpg.rf.9bbc3b94a6f4f7cc494571c082c42668.jpg,640,640,stain,189,314,620,445
stains-9-_jpg.rf.9bbc3b94a6f4f7cc494571c082c42668.jpg,640,640,stain,16,252,163,398
stains-33-_jpg.rf.9d9ea7cbddb9cae7535fb3d125e86b1c.jpg,640,640,stain,69,93,566,372
holes-9-_jpg.rf.9ca7a8a2770d4943b6a538c3b7615d6a.jpg,640,640,hole,287,214,371,268
stains-63-_jpg.rf.9e67b58b27afa8897954081821e1607d.jpg,640,640,stain,277,270,311,406
holes-33-_jpg.rf.9c0c560dd690b91489f29b0d97c45ed8.jpg,640,640,hole,286,306,368,378
holes-26-_jpg.rf.9f3d2c28628a17c21185ab4b2003947d.jpg,640,640,hole,316,343,377,386